<?xml version='1.0' encoding='utf8'?>
<root>
<django-objects version="1.0"><object model="yard.user" pk="1"><field name="password" type="CharField">pbkdf2_sha256$216000$4LWNnbaDI4c0$RiyxYNcwY0JP2mwzQuMyMHHSGCW565vVdJk2iCC+upE=</field><field name="last_login" type="DateTimeField">2021-07-02T21:01:10.621223</field><field name="is_superuser" type="BooleanField">True</field><field name="name" type="CharField" /><field name="email" type="CharField">admin@admin.com</field><field name="date_joined" type="DateTimeField">2021-07-02T21:00:35.802274</field><field name="is_active" type="BooleanField">True</field><field name="is_staff" type="BooleanField">True</field><field name="yard" rel="ManyToOneRel" to="yard.yard_list">1</field><field name="role" type="CharField" /><field name="address" type="CharField"><None /></field><field name="telephone" type="CharField"><None /></field><field name="groups" rel="ManyToManyRel" to="auth.group" /><field name="user_permissions" rel="ManyToManyRel" to="auth.permission" /></object><object model="yard.yard_list" pk="1"><field name="name" type="CharField">gfg</field><field name="street" type="CharField"><None /></field><field name="pin" type="CharField"><None /></field><field name="place" type="CharField">jujt</field><field name="country" type="CharField">tr</field><field name="telephone" type="CharField"><None /></field><field name="email" type="CharField"><None /></field><field name="created_date_time" type="DateTimeField">2021-07-02T21:01:10.417767</field><field name="updated_date_time" type="DateTimeField">2021-07-02T21:01:10.417767</field></object></django-objects></root>